Hour,Temperature_C,Humidity_percent,Wind_speed_m_s,Visibility_10m,Solar_Radiation_MJ_m2,Rainfall_mm,Snowfall_cm,Season,Holiday,Functioning_Day,Rented_Bike_Count
0,-0.29,68.79,2.39,101.7,0.0,0.0,0.0,Winter,No Holiday,Yes,8.0
1,3.19,69.13,2.27,90.8,0.0,0.0,0.0,Winter,No Holiday,Yes,429.0
2,3.58,67.0,3.03,71.2,0.0,0.0,0.0,Winter,No Holiday,Yes,346.0
3,8.13,73.98,1.06,69.5,0.3,0.0,0.0,Winter,No Holiday,Yes,217.0
4,7.39,55.81,3.35,89.2,0.67,0.0,0.0,Winter,No Holiday,Yes,377.0
5,6.86,69.55,2.25,111.4,0.86,0.0,0.0,Winter,No Holiday,Yes,455.0
6,5.36,57.99,3.27,123.3,1.55,0.0,0.0,Winter,No Holiday,Yes,482.0
7,5.22,52.76,2.62,96.6,2.01,0.0,0.0,Winter,No Holiday,Yes,423.0
8,7.3,60.74,1.94,86.8,2.39,0.0,0.0,Winter,No Holiday,Yes,360.0
9,4.74,77.73,3.31,73.2,2.65,0.0,0.0,Winter,No Holiday,Yes,742.0
10,5.67,73.75,2.77,71.1,3.07,0.0,0.0,Winter,No Holiday,Yes,418.0
11,2.01,67.86,2.22,69.8,2.92,0.0,0.0,Winter,No Holiday,Yes,303.0
12,-4.75,78.54,3.06,73.2,3.31,0.0,0.0,Winter,No Holiday,Yes,165.0
13,-3.57,63.74,3.47,117.1,3.34,0.0,0.0,Winter,Holiday,Yes,0
14,1.07,71.61,3.87,68.8,4.16,0.0,0.0,Winter,No Holiday,Yes,357.0
15,-5.7,73.69,2.61,60.8,4.09,0.0,0.0,Winter,No Holiday,Yes,283.0
16,-7.28,76.93,0.93,77.1,3.58,0.0,0.0,Winter,No Holiday,Yes,250.0
17,-7.77,74.21,2.64,99.2,2.97,0.0,0.0,Winter,No Holiday,Yes,112.0
18,-6.43,91.08,2.74,64.5,2.83,0.0,0.0,Winter,No Holiday,Yes,320.0
19,-8.8,71.37,2.89,62.0,2.5,0.0,0.0,Winter,No Holiday,Yes,212.0
20,-6.45,62.01,2.95,97.3,1.88,0.0,0.0,Winter,No Holiday,Yes,308.0
21,-6.94,76.82,2.36,94.4,2.04,0.0,0.0,Winter,No Holiday,Yes,139.0
22,0.3,69.75,4.74,83.6,1.51,0.0,0.0,Winter,No Holiday,Yes,314.0
23,0.01,72.81,3.28,86.1,1.12,0.0,0.0,Winter,No Holiday,Yes,237.0
0,-2.99,67.42,2.97,103.0,0.0,0.0,0.0,Winter,No Holiday,Yes,107.0
1,-0.23,65.37,2.85,87.6,0.0,0.0,0.0,Winter,No Holiday,Yes,195.0
2,3.59,71.87,3.08,81.0,0.0,0.0,0.0,Winter,No Holiday,Yes,179.0
3,6.19,64.13,2.34,85.0,0.0,0.0,0.0,Winter,No Holiday,Yes,464.0
4,8.05,69.07,5.83,90.4,0.89,0.0,0.0,Winter,No Holiday,Yes,423.0
5,8.16,59.82,3.54,124.0,0.93,0.0,0.0,Winter,No Holiday,No,0
6,7.69,59.23,1.28,70.4,1.5,0.0,0.0,Winter,No Holiday,Yes,469.0
7,4.25,59.67,2.91,120.7,1.72,0.0,0.0,Winter,No Holiday,Yes,500.0
8,4.63,70.19,4.22,90.4,1.95,0.0,0.0,Winter,No Holiday,Yes,275.0
9,5.74,66.75,4.11,71.5,1.9,0.0,0.0,Winter,No Holiday,Yes,322.0
10,1.97,84.81,3.07,46.6,2.97,0.0,0.0,Winter,No Holiday,Yes,216.0
11,3.34,62.56,2.08,91.5,3.69,0.0,0.0,Winter,No Holiday,Yes,265.0
12,3.23,70.09,1.36,120.1,3.69,0.0,0.0,Winter,No Holiday,Yes,123.0
13,1.34,79.39,2.95,72.4,3.99,0.0,0.0,Winter,No Holiday,Yes,171.0
14,-2.2,72.1,1.56,114.3,4.44,0.0,0.0,Winter,No Holiday,Yes,232.0
15,-9.56,71.47,4.49,114.9,4.18,0.0,0.0,Winter,No Holiday,Yes,391.0
16,-6.3,66.9,1.56,82.0,3.2,0.0,0.0,Winter,No Holiday,No,0
17,-4.54,68.24,2.19,67.5,3.01,0.0,0.84,Winter,No Holiday,Yes,115.0
18,-5.16,62.68,2.23,109.6,2.54,0.0,0.0,Winter,No Holiday,Yes,319.0
19,-3.96,67.97,3.63,80.1,2.33,0.0,0.26,Winter,No Holiday,Yes,405.0
20,-7.32,67.0,1.85,96.7,1.46,0.0,0.0,Winter,No Holiday,Yes,256.0
21,-7.77,73.56,1.56,110.3,1.75,0.0,0.0,Winter,No Holiday,Yes,13.0
22,-3.43,81.13,2.73,74.1,1.04,0.0,0.0,Winter,No Holiday,Yes,351.0
23,-1.7,82.7,4.17,78.2,1.07,0.0,0.0,Winter,No Holiday,Yes,245.0
0,-0.64,70.09,2.51,119.0,0.0,0.0,0.0,Winter,No Holiday,Yes,235.0
1,5.82,61.3,1.29,83.2,0.0,0.0,0.0,Winter,No Holiday,Yes,334.0
2,1.97,69.8,2.52,111.6,0.04,0.0,0.0,Winter,No Holiday,Yes,101.0
3,4.6,73.45,1.97,103.5,0.49,0.0,0.0,Winter,No Holiday,Yes,362.0
4,3.97,73.11,1.91,92.0,0.13,0.0,0.0,Winter,No Holiday,Yes,417.0
5,6.95,58.04,3.43,102.5,1.06,0.0,0.0,Winter,No Holiday,Yes,170.0
6,4.39,64.25,2.63,106.1,1.33,0.0,0.0,Winter,No Holiday,Yes,355.0
7,7.9,72.99,3.47,102.1,2.05,0.0,0.0,Winter,Holiday,Yes,165.0
8,7.53,72.19,3.43,92.4,2.16,0.0,0.0,Winter,No Holiday,Yes,502.0
9,5.7,61.27,2.67,100.2,1.2,0.0,0.0,Winter,No Holiday,Yes,275.0
10,1.56,58.13,3.13,98.8,2.97,0.0,0.0,Winter,No Holiday,Yes,346.0
11,2.43,80.7,2.56,70.3,2.76,0.0,0.0,Winter,No Holiday,Yes,170.0
12,0.35,70.93,1.93,109.9,3.79,0.0,0.0,Winter,No Holiday,Yes,259.0
13,-2.46,68.82,2.77,62.2,3.73,0.0,0.0,Winter,No Holiday,Yes,212.0
14,-5.23,76.49,1.59,83.0,4.53,0.0,0.0,Winter,No Holiday,Yes,0
15,-3.46,61.04,1.0,108.6,4.08,0.0,0.0,Winter,No Holiday,Yes,247.0
16,-9.04,80.53,2.27,108.6,3.56,0.0,0.0,Winter,No Holiday,Yes,61.0
17,-8.26,69.97,4.42,95.3,3.24,0.0,0.0,Winter,No Holiday,Yes,236.0
18,-7.49,68.36,4.93,94.0,3.21,0.0,0.0,Winter,No Holiday,Yes,287.0
19,-8.18,67.53,2.62,86.1,2.53,0.0,0.0,Winter,No Holiday,Yes,367.0
20,-8.13,73.25,2.48,73.3,2.03,0.0,0.0,Winter,No Holiday,Yes,86.0
21,-3.14,78.65,2.55,71.8,1.82,0.0,0.0,Winter,No Holiday,Yes,404.0
22,-3.69,75.82,2.75,94.3,1.42,0.0,0.0,Winter,No Holiday,Yes,293.0
23,-4.73,68.77,3.91,112.8,0.44,0.0,0.0,Winter,No Holiday,Yes,297.0
0,0.26,72.22,3.56,81.6,0.0,0.0,0.0,Winter,No Holiday,Yes,79.0
1,3.33,76.29,1.44,128.9,0.03,0.0,0.0,Winter,No Holiday,Yes,384.0
2,1.33,67.96,0.64,102.5,0.26,0.0,0.0,Winter,No Holiday,Yes,232.0
3,6.24,64.49,2.86,116.9,0.45,0.0,0.0,Winter,Holiday,Yes,167.0
4,4.68,63.5,2.68,119.8,0.6,0.0,0.0,Winter,No Holiday,Yes,209.0
5,4.68,58.87,3.46,94.7,0.63,0.0,0.0,Winter,No Holiday,Yes,309.0
6,7.86,71.21,2.49,69.3,1.36,0.0,0.0,Winter,No Holiday,Yes,452.0
7,4.43,67.32,2.75,94.8,1.51,0.0,0.0,Winter,No Holiday,Yes,386.0
8,7.41,56.58,6.25,85.4,1.99,0.0,1.09,Winter,No Holiday,Yes,326.0
9,6.04,63.83,1.28,85.3,2.32,0.0,0.0,Winter,No Holiday,Yes,404.0
10,4.62,61.65,2.21,86.7,3.32,0.0,0.0,Winter,No Holiday,Yes,313.0
11,-0.54,89.32,1.51,80.9,3.59,0.0,0.0,Winter,No Holiday,Yes,196.0
12,-2.17,81.57,1.31,60.5,3.61,0.0,0.0,Winter,No Holiday,Yes,353.0
13,2.08,83.62,1.93,69.4,4.06,0.0,0.0,Winter,No Holiday,Yes,422.0
14,-1.6,66.33,3.9,112.7,3.72,0.0,0.0,Winter,No Holiday,Yes,283.0
15,-3.47,71.34,1.57,84.0,4.17,0.0,0.0,Winter,No Holiday,Yes,169.0
16,-5.55,65.31,3.59,87.5,3.6,0.0,0.0,Winter,No Holiday,Yes,133.0
17,-7.89,75.03,1.61,81.7,2.79,0.0,0.0,Winter,No Holiday,Yes,105.0
18,-7.84,64.85,2.68,120.9,3.28,0.0,0.0,Winter,No Holiday,Yes,246.0
19,-8.68,62.5,3.66,95.4,2.79,0.0,0.0,Winter,No Holiday,Yes,224.0
20,-8.34,78.58,0.96,87.8,1.73,0.0,0.0,Winter,No Holiday,Yes,251.0
21,-6.57,84.38,1.35,51.9,2.11,0.0,0.0,Winter,No Holiday,Yes,0
22,-3.26,55.75,2.87,105.5,0.94,0.0,0.0,Winter,No Holiday,Yes,145.0
23,0.5,76.28,3.25,72.1,0.83,0.0,1.22,Winter,No Holiday,Yes,85.0
0,1.5,76.9,0.88,72.4,0.0,0.0,0.0,Winter,No Holiday,Yes,242.0
1,2.76,66.03,1.76,96.7,0.0,0.0,0.0,Winter,No Holiday,Yes,282.0
2,4.68,74.43,1.75,102.0,0.0,0.0,0.0,Winter,No Holiday,Yes,190.0
3,3.23,74.15,2.6,105.3,0.0,0.0,0.0,Winter,No Holiday,Yes,96.0
4,5.67,76.81,1.85,60.4,1.09,0.0,0.0,Winter,No Holiday,Yes,365.0
5,7.59,55.02,1.65,122.1,0.72,0.0,0.0,Winter,No Holiday,Yes,302.0
6,4.01,55.12,1.98,94.6,1.03,0.0,0.0,Winter,No Holiday,Yes,420.0
7,6.74,60.98,3.34,112.8,2.11,0.0,0.0,Winter,No Holiday,Yes,382.0
8,7.1,57.56,3.08,79.1,2.02,0.0,0.0,Winter,No Holiday,Yes,484.0
9,7.0,55.91,5.09,99.2,2.55,0.0,0.0,Winter,Holiday,Yes,86.0
10,0.63,72.97,1.88,69.5,3.11,0.0,0.0,Winter,No Holiday,Yes,18.0
11,3.73,60.93,3.11,93.7,3.67,0.0,0.0,Winter,No Holiday,Yes,466.0
12,3.09,83.04,2.11,93.4,4.01,0.0,0.0,Winter,No Holiday,Yes,452.0
13,-2.02,51.9,1.06,120.1,4.03,0.0,0.0,Winter,No Holiday,Yes,410.0
14,-3.01,71.19,1.76,100.6,4.76,0.0,0.0,Winter,No Holiday,Yes,166.0
15,-3.08,70.8,1.98,95.0,4.27,0.0,0.0,Winter,No Holiday,Yes,408.0
16,-6.4,72.89,2.67,76.2,3.77,0.0,1.11,Winter,No Holiday,Yes,258.0
17,-5.54,68.11,3.79,117.7,3.74,0.0,0.0,Winter,No Holiday,Yes,225.0
18,-5.66,83.86,2.67,76.6,2.85,0.0,0.0,Winter,No Holiday,Yes,94.0
19,-6.89,64.37,2.47,78.6,2.51,0.0,0.0,Winter,No Holiday,Yes,79.0
20,-2.69,75.38,3.31,71.1,1.35,0.0,0.5,Winter,No Holiday,Yes,346.0
21,-9.33,76.67,2.87,86.1,1.66,0.0,0.0,Winter,No Holiday,Yes,124.0
22,-6.44,95,1.42,61.9,1.29,0.0,0.0,Winter,No Holiday,Yes,128.0
23,-1.43,58.17,2.74,117.9,1.09,0.0,0.0,Winter,No Holiday,Yes,489.0
0,-2.65,76.85,2.09,89.3,0.0,0.0,0.0,Winter,No Holiday,Yes,96.0
1,1.55,54.48,1.25,98.6,0.0,0.0,0.0,Winter,No Holiday,Yes,235.0
2,3.51,51.79,2.02,69.4,0.0,0.0,0.0,Winter,No Holiday,Yes,265.0
3,5.1,70.72,3.04,77.4,0.38,0.0,0.0,Winter,No Holiday,Yes,158.0
4,7.21,55.64,2.36,101.7,1.21,0.0,0.0,Winter,No Holiday,Yes,312.0
5,6.1,73.13,4.52,88.0,0.77,0.0,0.0,Winter,No Holiday,Yes,293.0
6,6.97,60.25,1.7,106.4,1.07,0.0,0.0,Winter,No Holiday,Yes,546.0
7,7.87,66.8,1.39,78.1,1.69,0.0,0.0,Winter,No Holiday,Yes,588.0
8,6.09,62.41,1.76,102.8,1.95,0.0,0.0,Winter,No Holiday,Yes,274.0
9,4.75,66.57,2.28,103.2,2.6,0.0,0.0,Winter,Holiday,Yes,187.0
10,4.38,74.36,2.16,68.7,3.07,0.0,0.0,Winter,No Holiday,Yes,156.0
11,6.29,68.35,3.35,76.7,2.73,0.0,0.0,Winter,No Holiday,Yes,325.0
12,-1.63,83.8,1.11,57.0,3.61,0.0,0.0,Winter,No Holiday,Yes,187.0
13,-3.8,71.07,2.16,101.6,3.76,0.0,0.0,Winter,No Holiday,Yes,278.0
14,-1.96,67.04,2.24,65.5,4.29,0.0,0.0,Winter,No Holiday,Yes,191.0
15,-4.76,61.2,3.26,122.0,3.35,0.0,0.0,Winter,No Holiday,Yes,249.0
16,-8.67,70.72,1.08,68.1,3.38,0.0,0.45,Winter,No Holiday,Yes,80.0
17,-4.53,76.01,2.09,99.3,3.68,0.0,0.0,Winter,No Holiday,Yes,297.0
18,-8.78,68.98,1.26,95.4,2.97,0.0,0.0,Winter,No Holiday,Yes,0
19,-7.75,82.84,2.71,81.5,2.96,0.0,0.0,Winter,No Holiday,Yes,304.0
20,-5.36,78.55,1.51,87.6,1.93,0.0,0.0,Winter,No Holiday,Yes,207.0
21,-6.37,83.0,2.85,56.0,1.87,0.0,0.0,Winter,No Holiday,Yes,213.0
22,-5.91,59.05,3.13,91.3,1.26,0.0,0.0,Winter,No Holiday,Yes,248.0
23,-3.9,79.1,3.3,76.0,0.67,0.0,0.0,Winter,No Holiday,Yes,417.0
0,-0.21,57.99,1.08,98.4,0.0,0.0,0.0,Winter,No Holiday,Yes,274.0
1,4.0,64.62,2.58,103.5,0.16,0.0,0.0,Winter,No Holiday,Yes,402.0
2,3.91,66.17,1.62,115.7,0.2,0.0,0.0,Winter,No Holiday,Yes,381.0
3,5.39,62.28,1.55,103.6,0.25,0.0,0.0,Winter,No Holiday,Yes,266.0
4,3.72,70.89,1.84,114.5,0.14,0.0,0.0,Winter,No Holiday,Yes,338.0
5,5.18,68.44,1.6,104.0,1.59,0.0,0.0,Winter,No Holiday,Yes,292.0
6,4.43,54.72,2.06,102.9,1.73,0.0,0.0,Winter,No Holiday,Yes,179.0
7,7.7,62.85,0.27,111.0,1.81,0.0,0.0,Winter,Holiday,Yes,301.0
8,4.6,67.17,3.47,92.3,2.78,0.0,0.0,Winter,No Holiday,Yes,403.0
9,6.02,71.39,3.24,68.3,2.75,0.0,0.0,Winter,Holiday,Yes,272.0
10,3.36,83.16,0.96,69.5,2.66,0.0,0.0,Winter,No Holiday,Yes,288.0
11,-1.3,77.64,2.03,84.3,3.48,0.0,0.56,Winter,No Holiday,Yes,122.0
12,-2.49,76.25,2.56,99.3,3.43,0.0,0.0,Winter,No Holiday,Yes,174.0
13,-7.77,73.56,1.56,81.5,3.43,0.0,0.0,Winter,No Holiday,No,0
14,-3.06,64.69,2.35,74.3,4.27,0.0,0.0,Winter,No Holiday,Yes,63.0
15,-4.47,68.11,2.7,75.4,3.71,0.0,0.0,Winter,No Holiday,Yes,67.0
16,-7.67,76.35,3.14,86.4,4.17,0.0,0.0,Winter,No Holiday,Yes,218.0
17,-6.83,87.48,2.84,85.7,3.27,0.0,0.0,Winter,No Holiday,Yes,0
18,-4.47,64.24,3.28,86.6,3.15,0.0,0.0,Winter,No Holiday,Yes,239.0
19,-5.74,61.21,3.69,108.5,2.62,0.0,0.0,Winter,No Holiday,Yes,118.0
20,-7.01,84.39,1.13,85.9,2.05,0.0,0.0,Winter,No Holiday,Yes,195.0
21,-5.81,95,2.87,63.1,1.56,0.0,0.0,Winter,No Holiday,Yes,80.0
22,-1.79,79.63,2.55,76.5,1.88,0.0,0.0,Winter,No Holiday,Yes,387.0
23,-4.19,65.12,3.42,90.3,1.08,0.0,0.0,Winter,No Holiday,Yes,149.0
0,0.0,73.92,2.39,68.5,0.0,0.0,0.0,Winter,No Holiday,Yes,279.0
1,3.45,67.78,3.51,83.5,0.07,0.0,0.0,Winter,No Holiday,Yes,437.0
2,6.08,72.7,3.0,76.4,0.0,0.0,0.0,Winter,No Holiday,Yes,355.0
3,3.86,49.89,1.35,89.8,0.2,0.0,0.0,Winter,No Holiday,Yes,348.0
4,8.57,66.53,1.27,113.3,0.31,0.0,0.0,Winter,No Holiday,Yes,351.0
5,6.29,56.64,2.72,75.6,1.77,0.0,0.0,Winter,No Holiday,Yes,540.0
6,4.7,80.78,2.77,58.2,1.72,0.0,0.0,Winter,No Holiday,Yes,584.0
7,7.58,68.69,2.95,102.7,1.68,0.0,0.0,Winter,No Holiday,Yes,295.0
8,6.05,77.73,2.01,79.8,1.98,0.0,0.0,Winter,No Holiday,Yes,492.0
9,6.61,75.7,2.25,64.2,2.66,0.0,0.0,Winter,Holiday,Yes,0
10,1.85,60.75,1.51,78.4,2.43,0.0,0.0,Winter,No Holiday,Yes,420.0
11,4.02,65.11,3.01,73.4,3.12,0.0,0.45,Winter,No Holiday,Yes,404.0
12,-1.36,66.51,2.18,69.6,4.02,0.0,0.0,Winter,No Holiday,Yes,19.0
13,-2.75,79.79,2.42,91.5,4.05,0.0,0.0,Winter,No Holiday,Yes,266.0
14,-2.72,68.1,1.89,109.3,4.0,0.0,0.0,Winter,No Holiday,Yes,441.0
15,-5.11,74.68,3.62,79.3,4.05,0.0,0.0,Winter,No Holiday,Yes,176.0
16,-3.91,64.49,1.28,98.9,3.68,0.0,0.0,Winter,No Holiday,Yes,152.0
17,-8.11,80.9,1.91,74.9,3.04,0.0,0.0,Winter,No Holiday,Yes,116.0
18,-3.99,71.56,4.49,116.1,2.38,0.0,0.0,Winter,No Holiday,Yes,382.0
19,-6.01,82.67,2.2,77.3,2.63,0.0,0.0,Winter,No Holiday,Yes,266.0
20,-7.84,74.01,2.05,80.2,2.59,0.0,0.0,Winter,No Holiday,Yes,170.0
21,-8.03,72.28,1.93,114.0,1.45,0.0,0.0,Winter,No Holiday,Yes,323.0
22,-3.97,60.32,3.62,102.5,1.91,0.0,0.0,Winter,No Holiday,Yes,273.0
23,-2.87,69.27,1.54,75.6,1.14,0.0,0.0,Winter,No Holiday,Yes,262.0
0,0.3,70.82,2.28,97.1,0.0,0.0,0.0,Winter,No Holiday,Yes,79.0
1,1.75,66.09,2.94,101.7,0.0,0.0,0.0,Winter,No Holiday,Yes,402.0
2,5.06,63.12,1.45,117.3,0.0,0.0,0.0,Winter,No Holiday,Yes,158.0
3,5.01,77.22,2.92,122.6,0.28,0.0,0.0,Winter,No Holiday,Yes,387.0
4,3.35,83.15,2.72,65.3,1.02,0.0,0.0,Winter,No Holiday,Yes,375.0
5,10.23,59.79,2.29,112.2,0.99,0.0,0.0,Winter,No Holiday,Yes,357.0
6,7.74,74.86,3.91,75.7,1.67,0.0,0.0,Winter,No Holiday,Yes,504.0
7,3.96,65.41,3.48,99.6,1.72,0.0,0.0,Winter,Holiday,Yes,35.0
8,7.91,61.73,4.38,86.0,1.9,0.0,0.0,Winter,No Holiday,Yes,448.0
9,5.67,64.7,1.39,87.0,2.33,0.0,0.0,Winter,No Holiday,Yes,113.0
10,5.52,82.73,3.51,77.0,2.1,0.0,0.0,Winter,No Holiday,Yes,350.0
11,4.4,67.96,4.73,118.8,2.96,0.0,0.0,Winter,No Holiday,Yes,724.0
12,1.33,61.96,2.67,104.9,3.67,0.0,0.0,Winter,No Holiday,Yes,450.0
13,-1.16,60.67,2.53,90.0,4.25,0.0,0.0,Winter,No Holiday,Yes,98.0
14,-4.12,68.0,3.06,102.2,4.2,0.0,0.0,Winter,No Holiday,Yes,319.0
15,-5.98,85.73,3.95,75.8,3.81,0.0,0.0,Winter,No Holiday,Yes,103.0
16,-10.31,75.92,2.25,71.7,3.99,0.0,0.0,Winter,No Holiday,Yes,274.0
17,-5.99,77.03,2.48,62.5,2.82,0.0,0.0,Winter,No Holiday,Yes,262.0
18,-6.7,79.94,2.56,49.6,3.08,0.0,0.0,Winter,No Holiday,Yes,234.0
19,-4.43,76.47,1.2,82.9,2.61,0.0,0.0,Winter,No Holiday,Yes,321.0
20,-6.82,72.35,0.69,85.9,1.76,0.0,0.0,Winter,No Holiday,Yes,248.0
21,-3.83,60.28,1.04,116.5,1.74,0.0,0.32,Winter,No Holiday,Yes,143.0
22,-2.81,70.48,2.73,88.0,0.97,0.0,0.0,Winter,No Holiday,Yes,420.0
23,-7.33,86.46,1.01,93.9,1.29,0.0,0.0,Winter,No Holiday,Yes,114.0
0,-1.05,64.55,3.04,112.2,0.0,0.0,0.0,Winter,Holiday,Yes,0
1,0.92,80.87,1.32,74.0,0.0,0.0,0.0,Winter,No Holiday,Yes,103.0
2,3.35,64.13,2.88,81.3,0.06,0.0,0.18,Winter,No Holiday,Yes,38.0
3,2.4,61.37,4.07,106.0,0.17,0.0,0.0,Winter,No Holiday,Yes,338.0
4,4.41,67.19,3.15,70.5,0.53,0.0,0.0,Winter,No Holiday,Yes,466.0
5,8.59,74.06,2.65,98.4,1.73,0.0,0.0,Winter,No Holiday,Yes,499.0
6,4.9,71.19,4.85,82.6,1.15,0.0,0.0,Winter,No Holiday,Yes,147.0
7,4.37,76.77,0.58,88.1,1.6,0.0,0.0,Winter,No Holiday,Yes,492.0
8,8.56,62.81,3.0,105.5,2.23,0.0,0.0,Winter,No Holiday,Yes,613.0
9,4.74,62.02,2.33,120.3,1.96,0.0,0.0,Winter,No Holiday,Yes,234.0
10,1.37,65.87,3.11,84.3,2.85,0.0,0.0,Winter,No Holiday,Yes,304.0
11,4.1,67.52,2.56,112.9,3.34,0.0,0.0,Winter,No Holiday,Yes,623.0
12,-1.85,69.52,2.41,108.4,3.36,0.0,0.0,Winter,No Holiday,Yes,251.0
13,-0.16,66.15,1.4,103.8,3.88,0.0,0.0,Winter,No Holiday,Yes,369.0
14,-4.5,74.98,2.03,97.9,4.38,0.0,0.0,Winter,No Holiday,Yes,75.0
15,-2.68,52.83,1.77,93.6,4.11,0.0,0.0,Winter,No Holiday,Yes,494.0
16,-3.9,67.35,2.28,88.6,4.07,0.0,0.0,Winter,No Holiday,Yes,297.0
17,-10.04,84.07,2.68,99.3,3.51,0.0,0.0,Winter,No Holiday,Yes,91.0
18,-8.71,69.08,2.39,91.1,2.76,0.0,0.0,Winter,No Holiday,Yes,157.0
19,-3.12,73.45,1.67,62.4,2.57,0.0,0.0,Winter,No Holiday,Yes,239.0
20,-9.69,73.38,2.39,101.6,1.89,0.0,0.0,Winter,No Holiday,Yes,234.0
21,-6.51,59.7,1.38,75.9,1.76,0.0,0.0,Winter,No Holiday,Yes,206.0
22,-2.28,71.66,1.43,88.4,1.48,0.0,0.0,Winter,No Holiday,Yes,164.0
23,-0.48,71.75,3.91,65.1,0.96,0.0,0.0,Winter,No Holiday,Yes,365.0
0,-0.48,69.48,3.28,84.9,0.0,0.0,0.0,Winter,No Holiday,Yes,144.0
1,2.87,70.49,2.61,117.9,0.0,0.0,0.0,Winter,No Holiday,Yes,418.0
2,6.7,65.05,0,94.7,0.3,0.0,0.0,Winter,No Holiday,Yes,397.0
3,6.88,63.62,2.54,92.7,0.21,0.0,0.0,Winter,No Holiday,Yes,743.0
4,3.32,73.02,2.27,81.6,0.31,0.0,0.0,Winter,No Holiday,Yes,134.0
5,6.09,55.33,2.44,91.6,1.07,0.0,0.0,Winter,No Holiday,Yes,403.0
6,7.87,69.09,1.29,96.9,1.34,0.0,0.0,Winter,No Holiday,Yes,413.0
7,5.87,73.52,2.24,100.8,2.31,0.0,0.0,Winter,No Holiday,Yes,484.0
8,7.01,72.65,3.04,97.1,1.99,0.0,0.0,Winter,No Holiday,Yes,388.0
9,6.3,69.05,2.53,112.0,2.29,0.0,0.0,Winter,No Holiday,Yes,347.0
10,2.13,78.4,2.8,68.9,2.52,0.0,0.0,Winter,No Holiday,Yes,477.0
11,-0.27,87.69,2.76,84.7,3.92,0.0,0.0,Winter,No Holiday,Yes,150.0
12,-1.32,68.06,1.19,111.3,3.38,0.0,0.0,Winter,No Holiday,Yes,302.0
13,-2.86,62.52,3.56,92.6,3.77,0.0,0.0,Winter,No Holiday,Yes,135.0
14,-2.92,63.88,1.08,96.2,4.22,0.0,0.0,Winter,No Holiday,Yes,438.0
15,-2.67,71.07,1.53,99.3,4.25,0.0,0.0,Winter,No Holiday,Yes,165.0
16,-4.1,66.4,2.23,88.8,3.55,0.0,0.0,Winter,No Holiday,Yes,72.0
17,-3.77,71.02,1.15,103.8,3.46,0.0,0.23,Winter,No Holiday,Yes,213.0
18,-9.29,70.5,1.56,94.5,2.86,0.0,0.0,Winter,No Holiday,Yes,0
19,-5.12,78.14,2.98,80.1,2.6,0.0,0.0,Winter,No Holiday,Yes,191.0
20,-8.32,75.97,1.07,92.8,1.99,0.0,0.0,Winter,No Holiday,Yes,258.0
21,-6.75,64.41,3.97,132.6,1.76,0.0,0.0,Winter,No Holiday,Yes,314.0
22,-3.27,80.06,3.07,99.6,1.33,0.0,0.0,Winter,No Holiday,Yes,283.0
23,-4.2,80.56,2.96,103.5,1.09,0.0,0.0,Winter,No Holiday,Yes,218.0
0,-1.02,78.47,2.35,111.3,0.0,0.0,0.0,Winter,No Holiday,Yes,115.0
1,-0.42,82.88,1.14,58.6,0.0,0.0,0.0,Winter,No Holiday,Yes,54.0
2,4.76,71.75,3.13,109.3,0.0,0.0,0.0,Winter,No Holiday,Yes,287.0
3,2.92,58.99,0,50.1,0.02,0.0,0.0,Winter,No Holiday,Yes,258.0
4,7.84,67.79,3.04,92.7,1.01,0.0,0.0,Winter,No Holiday,Yes,102.0
5,3.46,75.67,2.09,84.8,1.55,0.0,0.0,Winter,No Holiday,Yes,321.0
6,8.09,72.85,2.42,61.6,1.26,0.0,0.0,Winter,No Holiday,Yes,373.0
7,4.27,78.48,4.04,87.7,0.88,0.0,0.0,Winter,No Holiday,Yes,202.0
8,3.81,95,1.62,69.3,2.23,0.0,0.0,Winter,No Holiday,Yes,137.0
9,5.94,56.55,1.57,122.5,2.33,0.0,0.0,Winter,No Holiday,Yes,368.0
10,5.23,69.57,2.26,108.7,2.59,0.0,0.0,Winter,No Holiday,Yes,543.0
11,4.82,66.01,4.62,115.7,3.3,0.0,0.0,Winter,No Holiday,Yes,124.0
12,1.01,64.87,2.05,67.8,3.53,0.0,0.0,Winter,No Holiday,Yes,142.0
13,-3.69,76.72,1.12,60.3,4.15,0.0,0.0,Winter,No Holiday,Yes,280.0
14,-1.81,68.89,4.22,91.5,4.15,0.0,0.0,Winter,No Holiday,Yes,76.0
15,-2.67,75.44,2.71,100.1,3.91,0.0,0.0,Winter,No Holiday,Yes,332.0
16,-8.17,71.18,1.66,107.7,3.63,0.0,0.0,Winter,No Holiday,Yes,167.0
17,-5.41,66.51,5.02,93.6,3.29,0.0,0.0,Winter,No Holiday,Yes,403.0
18,-5.54,70.7,2.07,79.9,2.35,0.0,0.0,Winter,No Holiday,Yes,408.0
19,-7.22,68.78,1.63,71.8,2.79,0.0,0.0,Winter,No Holiday,Yes,202.0
20,-2.98,72.51,3.72,46.7,1.96,0.0,0.0,Winter,No Holiday,Yes,313.0
21,-3.56,76.3,2.9,78.2,1.82,0.0,0.0,Winter,No Holiday,Yes,69.0
22,-3.76,72.05,1.87,74.9,1.33,0.0,0.0,Winter,No Holiday,Yes,118.0
23,-1.27,68.14,3.85,106.7,0.8,0.0,0.0,Winter,No Holiday,Yes,291.0
0,-0.14,73.39,1.22,79.9,0.0,0.0,0.0,Winter,No Holiday,Yes,47.0
1,1.04,78.53,0.84,80.0,0.0,0.0,0.0,Winter,No Holiday,Yes,232.0
2,5.29,72.95,1.48,76.8,0.87,0.0,0.0,Winter,No Holiday,Yes,254.0
3,3.22,64.89,1.81,71.9,0.84,0.0,0.05,Winter,No Holiday,Yes,234.0
4,9.34,69.63,1.09,89.5,0.39,0.0,0.0,Winter,No Holiday,Yes,409.0
5,5.56,62.37,2.06,114.3,1.21,0.0,0.0,Winter,No Holiday,Yes,573.0
6,8.53,54.45,3.92,114.9,1.33,0.0,0.07,Winter,No Holiday,Yes,223.0
7,5.43,62.4,2.41,73.0,2.09,0.0,0.0,Winter,No Holiday,Yes,506.0
8,2.6,66.42,2.39,84.7,2.47,0.0,0.0,Winter,No Holiday,Yes,466.0
9,8.52,67.55,2.45,97.8,2.36,0.0,0.0,Winter,No Holiday,Yes,287.0
10,0.91,69.48,1.98,99.0,3.11,0.0,0.0,Winter,No Holiday,Yes,384.0
11,5.65,70.97,2.54,106.0,3.02,0.0,0.0,Winter,No Holiday,Yes,434.0
12,2.82,61.54,1.73,104.9,3.09,0.0,0.0,Winter,No Holiday,Yes,464.0
13,-6.12,73.45,3.28,111.0,4.59,0.0,0.48,Winter,No Holiday,Yes,112.0
14,-4.68,81.79,3.17,78.7,3.96,0.0,0.0,Winter,No Holiday,Yes,133.0
15,-8.39,75.61,3.22,114.7,3.86,0.0,0.41,Winter,No Holiday,Yes,23.0
16,-3.88,58.47,2.55,101.3,3.18,0.0,0.0,Winter,No Holiday,Yes,80.0
17,-6.59,83.24,5.67,95.5,3.12,0.0,0.0,Winter,No Holiday,Yes,103.0
18,-7.59,67.19,2.92,91.8,2.93,0.0,0.0,Winter,No Holiday,Yes,227.0
19,-11.5,85.1,2.56,86.5,2.24,0.0,0.0,Winter,No Holiday,Yes,265.0
20,-6.17,76.82,3.01,108.1,1.95,0.0,0.0,Winter,No Holiday,Yes,171.0
21,-9.99,71.36,2.73,101.1,1.74,0.0,0.0,Winter,No Holiday,Yes,215.0
22,-3.69,70.04,2.96,78.5,1.59,0.0,0.0,Winter,No Holiday,Yes,341.0
23,-2.2,95,3.5,68.0,0.57,0.0,0.0,Winter,No Holiday,Yes,314.0
0,0.2,70.84,3.88,51.8,0.0,0.0,0.0,Winter,No Holiday,Yes,355.0
1,0.47,66.66,2.58,90.4,0.24,0.0,0.0,Winter,No Holiday,Yes,319.0
2,4.36,61.08,3.57,103.3,0.19,0.0,0.0,Winter,No Holiday,Yes,456.0
3,4.45,62.83,2.64,106.6,0.23,0.0,0.74,Winter,No Holiday,Yes,547.0
4,3.91,72.97,3.25,91.6,0.83,0.0,0.0,Winter,No Holiday,Yes,352.0
5,7.91,51.77,4.24,106.5,0.81,0.0,0.0,Winter,No Holiday,Yes,559.0
6,6.04,69.63,2.21,99.9,1.81,0.0,3.67,Winter,No Holiday,Yes,123.0
7,12.16,62.65,3.68,110.3,1.69,0.0,0.0,Winter,No Holiday,Yes,731.0
8,6.8,81.12,2.77,65.5,2.41,0.0,0.0,Winter,No Holiday,Yes,160.0
9,3.52,51.12,4.03,113.0,2.82,0.0,0.0,Winter,No Holiday,Yes,339.0
10,5.21,60.57,2.08,115.7,2.98,0.0,0.0,Winter,No Holiday,No,0
11,2.98,65.57,3.58,111.9,3.65,0.0,0.0,Winter,Holiday,Yes,0
12,2.99,61.34,3.63,74.2,3.78,0.0,0.0,Winter,No Holiday,Yes,343.0
13,-2.16,75.4,3.84,115.2,4.05,0.0,0.0,Winter,No Holiday,Yes,0
14,-5.1,55.81,2.66,93.8,4.04,0.0,0.0,Winter,No Holiday,Yes,203.0
15,-5.6,54.03,3.45,101.2,4.63,0.0,0.71,Winter,No Holiday,Yes,214.0
16,-5.59,83.51,3.01,73.3,3.49,0.0,0.0,Winter,No Holiday,Yes,77.0
17,-4.09,79.11,1.16,56.9,2.93,0.0,0.0,Winter,No Holiday,Yes,248.0
18,-6.92,74.41,1.28,101.6,3.41,0.0,0.0,Winter,No Holiday,Yes,134.0
19,-4.92,78.39,3.45,65.2,2.38,0.0,0.0,Winter,No Holiday,Yes,152.0
20,-8.12,92.76,3.05,71.4,1.75,0.0,0.0,Winter,No Holiday,Yes,257.0
21,-7.24,68.2,2.25,92.2,1.92,0.0,0.0,Winter,No Holiday,Yes,193.0
22,-3.14,76.88,1.98,60.4,1.37,0.0,0.0,Winter,No Holiday,Yes,189.0
23,-5.26,66.48,3.04,105.2,0.82,0.0,0.0,Winter,No Holiday,Yes,323.0
0,1.21,70.06,2.39,95.9,0.0,0.0,0.0,Winter,No Holiday,Yes,128.0
1,3.92,73.08,3.33,115.6,0.0,0.0,0.0,Winter,No Holiday,Yes,363.0
2,3.42,70.78,2.52,67.0,0.24,0.0,0.0,Winter,No Holiday,Yes,328.0
3,1.33,64.13,2.93,81.7,0.0,0.0,0.0,Winter,No Holiday,Yes,205.0
4,9.86,72.31,2.24,70.4,1.14,0.0,0.0,Winter,No Holiday,Yes,286.0
5,6.82,60.99,5.16,95.1,1.11,0.0,0.0,Winter,No Holiday,Yes,335.0
6,9.81,63.92,2.89,86.1,1.96,0.0,0.38,Winter,No Holiday,Yes,300.0
7,6.4,74.9,3.73,66.3,1.49,0.0,0.0,Winter,No Holiday,Yes,257.0
8,3.19,61.01,4.61,86.4,1.97,0.0,0.0,Winter,No Holiday,Yes,324.0
9,3.28,72.21,1.14,89.7,2.68,0.0,0.0,Winter,No Holiday,Yes,344.0
10,7.57,69.51,2.14,100.1,2.78,0.0,0.0,Winter,Holiday,Yes,0
11,1.28,75.36,0.96,85.9,3.64,0.0,0.0,Winter,No Holiday,Yes,428.0
12,0.73,63.93,1.25,106.9,3.58,0.0,0.0,Winter,No Holiday,Yes,395.0
13,0.68,58.6,1.91,100.6,3.72,0.0,0.0,Winter,No Holiday,Yes,474.0
14,-2.21,72.27,3.45,62.9,4.2,0.0,0.0,Winter,No Holiday,Yes,383.0
15,-3.89,63.84,2.16,90.4,4.13,0.0,0.0,Winter,No Holiday,Yes,273.0
16,-7.65,70.74,3.6,116.5,3.5,0.0,0.0,Winter,No Holiday,Yes,0
17,-11.41,67.77,3.4,75.3,3.05,0.0,0.0,Winter,Holiday,Yes,0
18,-6.97,73.12,3.73,75.5,2.77,0.0,0.0,Winter,No Holiday,Yes,176.0
19,-3.95,70.01,1.64,96.7,2.32,0.0,0.0,Winter,No Holiday,Yes,337.0
20,-6.8,76.32,1.03,82.1,2.26,0.0,0.0,Winter,No Holiday,Yes,98.0
21,-4.38,74.46,3.93,84.0,1.9,0.0,0.0,Winter,No Holiday,Yes,186.0
22,-1.5,81.92,3.96,62.1,1.53,0.0,0.0,Winter,No Holiday,Yes,147.0
23,-5.68,50.49,2.44,125.1,0.99,0.0,0.0,Winter,No Holiday,Yes,340.0
0,-0.21,64.51,0.79,89.8,0.0,0.0,0.0,Winter,No Holiday,Yes,103.0
1,2.71,64.83,2.93,99.7,0.0,0.0,0.0,Winter,No Holiday,Yes,486.0
2,3.06,71.14,1.49,108.4,0.0,0.0,0.0,Winter,No Holiday,Yes,462.0
3,6.29,58.97,3.38,86.3,0.46,0.0,0.0,Winter,No Holiday,Yes,357.0
4,4.82,71.66,4.35,98.1,0.83,0.0,0.0,Winter,No Holiday,Yes,374.0
5,5.08,68.79,2.13,65.8,0.63,0.0,0.0,Winter,No Holiday,No,0
6,6.5,79.49,3.33,102.8,0.89,0.0,0.0,Winter,No Holiday,Yes,353.0
7,2.5,80.33,2.29,82.5,1.84,0.0,0.3,Winter,No Holiday,Yes,366.0
8,4.82,57.05,2.51,126.0,2.01,0.0,0.0,Winter,No Holiday,Yes,441.0
9,5.7,60.56,2.09,122.8,2.23,0.0,0.0,Winter,No Holiday,Yes,342.0
10,5.04,62.59,3.42,131.2,3.07,0.0,0.0,Winter,No Holiday,Yes,333.0
11,1.55,58.45,2.97,114.1,3.1,0.0,0.0,Winter,No Holiday,Yes,317.0
12,6.17,74.08,1.74,67.3,3.96,0.0,0.0,Winter,No Holiday,Yes,420.0
13,-2.95,72.51,2.02,67.6,3.71,0.0,0.0,Winter,No Holiday,Yes,395.0
14,-1.05,82.07,3.76,92.6,4.31,0.0,0.0,Winter,No Holiday,Yes,285.0
15,-5.15,82.79,2.97,99.5,3.83,0.0,0.0,Winter,No Holiday,Yes,201.0
16,-6.13,74.2,1.47,57.0,3.73,0.0,0.0,Winter,No Holiday,Yes,29.0
17,-6.91,70.5,2.47,100.4,3.4,0.0,0.0,Winter,No Holiday,Yes,179.0
18,-5.39,74.86,2.78,72.8,2.79,0.0,0.0,Winter,No Holiday,Yes,158.0
19,-7.39,70.25,1.83,102.3,2.01,0.0,0.0,Winter,No Holiday,Yes,23.0
20,-10.22,88.09,2.36,86.6,2.42,0.0,0.0,Winter,No Holiday,Yes,0
21,-5.18,70.48,3.05,86.4,1.4,0.0,0.0,Winter,No Holiday,Yes,334.0
22,-4.87,78.09,3.99,86.0,1.83,0.0,0.0,Winter,No Holiday,Yes,0
23,-2.33,72.7,2.44,100.3,0.92,0.0,0.0,Winter,No Holiday,Yes,146.0
0,2.95,66.58,1.86,108.9,0.0,0.0,0.0,Winter,No Holiday,Yes,208.0
1,0.93,62.39,3.18,81.4,0.0,0.0,0.0,Winter,No Holiday,Yes,236.0
2,5.91,53.51,3.54,114.4,0.05,0.0,0.19,Winter,No Holiday,Yes,685.0
3,5.16,75.73,2.85,68.8,0.55,0.0,0.0,Winter,No Holiday,Yes,198.0
4,7.71,70.33,2.48,89.6,1.04,0.0,0.0,Winter,No Holiday,Yes,464.0
5,7.56,76.96,3.4,78.7,1.25,0.0,0.0,Winter,No Holiday,Yes,389.0
6,4.12,69.5,2.4,83.3,1.41,0.0,0.0,Winter,No Holiday,Yes,237.0
7,6.13,75.71,2.41,79.9,1.83,0.0,0.0,Winter,No Holiday,Yes,408.0
8,5.07,63.65,3.4,90.0,1.6,0.0,0.0,Winter,No Holiday,Yes,430.0
9,8.36,58.2,1.04,88.1,2.03,0.0,0.0,Winter,No Holiday,Yes,519.0
10,2.88,67.79,4.25,80.9,2.44,0.0,0.0,Winter,No Holiday,Yes,350.0
11,1.68,64.83,1.47,108.4,3.41,0.0,0.0,Winter,No Holiday,Yes,232.0
12,0.12,63.55,5.09,87.4,3.35,0.0,0.0,Winter,No Holiday,Yes,327.0
13,-2.75,83.51,3.51,58.3,4.24,0.0,0.0,Winter,No Holiday,Yes,131.0
14,-5.18,82.98,3.94,74.5,4.54,0.0,0.0,Winter,No Holiday,Yes,123.0
15,-6.32,81.12,1.16,69.3,3.42,0.0,0.0,Winter,No Holiday,Yes,249.0
16,-5.19,64.03,3.05,97.3,3.4,0.0,0.0,Winter,No Holiday,Yes,162.0
17,-6.77,89.36,2.2,59.0,3.15,0.0,0.0,Winter,No Holiday,Yes,102.0
18,-7.26,58.39,2.44,82.4,2.84,0.0,0.0,Winter,No Holiday,Yes,433.0
19,-4.99,69.46,5.13,79.5,2.3,0.0,0.22,Winter,No Holiday,Yes,378.0
20,-3.48,61.12,3.83,86.5,1.8,0.0,0.0,Winter,No Holiday,Yes,146.0
21,-3.32,70.51,3.17,109.9,1.82,0.0,0.0,Winter,No Holiday,Yes,358.0
22,-4.49,71.22,1.84,83.0,1.17,0.0,0.0,Winter,No Holiday,Yes,438.0
23,2.6,74.28,1.4,71.1,0.66,0.0,0.0,Winter,No Holiday,Yes,422.0
0,0.24,74.87,3.58,92.5,0.0,0.0,0.0,Winter,No Holiday,Yes,255.0
1,0.88,76.06,2.83,108.5,0.0,0.0,0.0,Winter,No Holiday,No,0
2,2.44,60.95,3.64,87.4,0.0,0.0,0.0,Winter,No Holiday,Yes,73.0
3,6.81,63.24,1.71,93.7,0.82,0.0,0.0,Winter,No Holiday,Yes,253.0
4,10.18,68.55,2.92,108.3,0.87,0.0,0.0,Winter,No Holiday,No,0
5,9.49,69.07,2.8,61.2,0.93,0.0,0.0,Winter,No Holiday,Yes,448.0
6,7.45,54.13,4.04,96.7,1.59,0.0,0.0,Winter,No Holiday,Yes,544.0
7,7.46,55.69,1.86,99.4,1.73,0.0,0.0,Winter,No Holiday,No,57.0
8,4.92,58.28,1.62,85.6,2.11,0.0,0.0,Winter,No Holiday,Yes,228.0
9,7.71,74.07,2.37,92.0,2.48,0.0,0.0,Winter,No Holiday,Yes,276.0
10,2.44,67.63,1.12,109.3,2.07,0.0,0.0,Winter,No Holiday,Yes,240.0
11,2.71,55.95,0.79,130.3,2.79,0.0,0.0,Winter,Holiday,Yes,74.0
12,-4.72,68.34,1.94,115.1,3.73,0.0,0.0,Winter,No Holiday,Yes,134.0
13,-1.06,75.43,2.83,76.1,4.07,0.0,0.0,Winter,No Holiday,Yes,452.0
14,-1.28,70.45,1.71,85.7,4.32,0.0,0.0,Winter,No Holiday,Yes,298.0
15,-2.93,80.18,3.62,92.1,4.06,0.0,0.0,Winter,No Holiday,Yes,159.0
16,-8.29,69.76,1.93,100.1,3.47,0.0,0.0,Winter,No Holiday,Yes,158.0
17,-10.29,82.16,3.58,96.1,3.39,0.0,0.0,Winter,No Holiday,Yes,0
18,-5.77,83.22,3.58,51.9,3.04,0.0,0.0,Winter,No Holiday,Yes,294.0
19,-6.42,74.56,2.25,85.3,2.18,0.0,0.0,Winter,No Holiday,Yes,140.0
20,-13.09,69.98,0.8,94.5,1.96,0.0,0.0,Winter,No Holiday,Yes,152.0
21,-7.28,76.47,1.56,94.2,1.45,0.0,0.0,Winter,No Holiday,Yes,0
22,-5.67,72.63,3.55,120.4,0.98,0.0,0.0,Winter,No Holiday,Yes,0
23,-1.36,79.89,3.39,85.7,1.25,0.0,0.0,Winter,No Holiday,Yes,339.0
0,-0.59,71.05,3.38,87.3,0.0,0.0,0.0,Winter,No Holiday,Yes,35.0
1,0.62,68.27,1.96,80.0,0.0,0.0,0.0,Winter,No Holiday,Yes,28.0
2,1.64,68.25,3.28,79.0,0.0,0.0,0.0,Winter,No Holiday,Yes,262.0
3,7.49,70.86,2.65,98.5,0.04,0.0,0.0,Winter,No Holiday,Yes,507.0
4,5.64,57.61,1.82,103.8,1.0,0.0,0.03,Winter,No Holiday,Yes,564.0
5,6.37,64.53,2.2,93.2,1.04,0.0,0.0,Winter,No Holiday,Yes,449.0
6,10.17,65.39,2.07,84.2,1.68,0.0,0.0,Winter,No Holiday,Yes,522.0
7,8.07,55.67,3.01,77.6,1.93,0.0,0.0,Winter,No Holiday,Yes,611.0
8,3.5,70.98,2.62,103.7,2.26,0.0,0.0,Winter,No Holiday,Yes,372.0
9,5.48,69.62,1.13,93.5,2.96,0.0,0.0,Winter,No Holiday,Yes,424.0
10,5.36,74.73,3.5,57.0,2.87,0.0,0.0,Winter,No Holiday,Yes,191.0
11,0.39,68.69,3.07,66.2,2.86,0.0,0.0,Winter,No Holiday,Yes,398.0
12,0.88,71.95,1.78,89.6,3.65,0.0,0.0,Winter,No Holiday,Yes,222.0
13,-2.71,57.97,2.06,98.5,4.29,0.0,0.0,Winter,No Holiday,Yes,284.0
14,-1.86,80.72,2.46,108.8,3.95,0.0,0.0,Winter,No Holiday,Yes,285.0
15,-7.94,82.03,1.54,79.6,3.63,0.0,0.0,Winter,No Holiday,Yes,84.0
16,-6.41,58.19,1.6,80.8,3.06,0.0,0.0,Winter,No Holiday,Yes,286.0
17,-8.1,83.45,1.99,54.3,3.56,0.0,0.07,Winter,No Holiday,Yes,384.0
18,-7.67,75.75,2.57,90.3,3.09,0.0,0.0,Winter,No Holiday,Yes,191.0
19,-7.41,63.96,4.25,86.7,2.24,0.0,0.0,Winter,No Holiday,Yes,112.0
20,-6.18,75.75,1.52,73.7,2.12,0.0,0.21,Winter,Holiday,Yes,26.0
21,-1.47,70.6,1.89,101.4,1.44,0.0,0.0,Winter,No Holiday,Yes,252.0
22,-4.31,87.29,3.3,65.6,1.63,0.0,0.0,Winter,No Holiday,Yes,206.0
23,-3.2,69.1,2.1,94.8,1.27,0.0,0.0,Winter,No Holiday,Yes,357.0
0,2.61,58.15,1.13,91.4,0.0,0.0,0.0,Winter,No Holiday,Yes,245.0
1,-0.34,72.48,2.3,85.7,0.0,0.0,0.0,Winter,No Holiday,Yes,214.0
2,3.72,74.68,3.66,80.3,0.57,0.0,0.0,Winter,No Holiday,Yes,280.0
3,5.29,63.95,3.53,88.9,0.0,0.0,0.0,Winter,No Holiday,Yes,540.0
4,8.05,60.13,3.01,123.1,0.84,0.0,0.0,Winter,No Holiday,Yes,354.0
5,7.29,68.78,3.82,80.4,0.84,0.0,0.0,Winter,No Holiday,Yes,238.0
6,4.23,68.7,0,93.4,1.88,0.0,0.0,Winter,No Holiday,Yes,181.0
7,6.49,71.67,2.2,86.0,1.85,0.0,0.0,Winter,No Holiday,Yes,240.0
8,5.58,62.08,4.03,94.5,1.66,0.0,0.18,Winter,No Holiday,Yes,429.0
9,3.77,63.7,1.8,93.0,2.04,0.0,0.0,Winter,No Holiday,Yes,386.0
10,2.91,60.9,2.99,89.5,2.87,0.0,0.0,Winter,No Holiday,Yes,413.0
11,1.63,74.84,1.61,91.2,3.61,0.0,0.0,Winter,No Holiday,Yes,537.0
12,-6.58,74.02,3.21,71.3,3.4,0.0,0.0,Winter,No Holiday,Yes,0
13,-4.27,79.86,4.2,90.3,3.43,0.0,0.0,Winter,No Holiday,Yes,204.0
14,-7.81,67.82,2.49,95.2,4.64,0.0,0.0,Winter,No Holiday,Yes,319.0
15,-5.68,69.42,2.68,76.8,3.69,0.0,0.0,Winter,No Holiday,Yes,75.0
16,-6.71,85.03,2.87,82.1,3.6,0.0,0.0,Winter,No Holiday,Yes,37.0
17,-5.69,75.48,2.62,97.5,3.09,0.0,0.0,Winter,No Holiday,Yes,287.0
18,-5.76,67.69,0.28,72.1,2.64,0.0,1.0,Winter,No Holiday,Yes,235.0
19,-7.01,71.09,2.73,95.0,3.02,0.0,0.0,Winter,Holiday,Yes,45.0
20,-5.98,70.27,2.45,98.4,1.75,0.0,0.0,Winter,No Holiday,Yes,23.0
21,-5.69,70.39,2.63,86.5,1.44,0.0,0.0,Winter,No Holiday,Yes,39.0
22,-5.04,71.42,0.01,102.0,1.34,0.0,0.0,Winter,No Holiday,Yes,190.0
23,-4.05,68.62,1.95,81.5,0.84,0.0,0.0,Winter,No Holiday,Yes,420.0
0,-0.1,76.86,4.34,83.2,0.0,0.0,0.0,Winter,Holiday,Yes,0
1,3.96,64.64,3.56,96.3,0.0,0.0,0.36,Winter,No Holiday,Yes,366.0
2,2.56,71.4,2.42,73.7,0.0,0.0,0.0,Winter,No Holiday,Yes,318.0
3,8.01,57.41,2.17,91.3,0.33,0.0,0.0,Winter,No Holiday,Yes,194.0
4,5.36,77.82,1.91,74.1,0.56,0.0,0.04,Winter,No Holiday,Yes,251.0
5,8.03,68.98,2.15,67.4,1.07,0.0,0.0,Winter,No Holiday,Yes,462.0
6,9.15,37.69,0.78,128.3,1.12,0.0,0.0,Winter,No Holiday,Yes,720.0
7,8.79,68.63,3.18,118.3,1.98,0.0,0.0,Winter,No Holiday,Yes,221.0
8,6.35,57.61,2.48,98.5,1.6,0.0,0.0,Winter,No Holiday,Yes,468.0
9,4.23,61.18,1.88,117.8,3.13,0.0,0.0,Winter,No Holiday,Yes,447.0
10,4.82,82.97,2.96,69.1,3.12,0.0,0.0,Winter,No Holiday,Yes,438.0
11,4.39,77.01,2.79,83.2,3.22,0.0,0.0,Winter,No Holiday,Yes,211.0
12,0.48,72.64,0.8,63.8,3.92,0.0,0.8,Winter,No Holiday,Yes,261.0
13,-0.79,74.61,4.25,82.4,3.87,0.0,0.0,Winter,No Holiday,Yes,47.0
14,-4.18,75.85,3.43,73.9,3.97,0.0,0.0,Winter,No Holiday,Yes,239.0
15,-6.82,84.71,2.2,103.2,4.18,0.0,0.13,Winter,No Holiday,Yes,47.0
16,-6.11,73.89,1.87,74.9,3.52,0.0,0.0,Winter,No Holiday,Yes,206.0
17,-7.29,62.85,1.54,93.6,2.8,0.0,0.0,Winter,No Holiday,Yes,180.0
18,-7.61,71.57,2.13,87.6,2.88,0.0,0.0,Winter,No Holiday,Yes,123.0
19,-4.64,78.84,3.26,62.3,1.99,0.0,0.0,Winter,No Holiday,Yes,192.0
20,-1.9,79.09,2.8,97.8,2.19,0.0,0.0,Winter,No Holiday,Yes,254.0
21,-3.03,68.68,1.43,108.6,1.86,0.0,0.06,Winter,No Holiday,Yes,215.0
22,-2.62,70.69,2.31,71.1,1.54,0.0,0.0,Winter,No Holiday,Yes,448.0
23,-1.82,62.81,3.62,110.4,0.84,0.0,0.0,Winter,No Holiday,Yes,463.0
0,0.86,76.83,2.19,90.7,0.0,0.0,0.0,Winter,No Holiday,Yes,185.0
1,0.94,76.32,2.59,67.8,0.0,0.0,0.0,Winter,No Holiday,Yes,35.0
2,4.87,64.34,3.56,91.8,0.0,0.0,0.0,Winter,No Holiday,Yes,437.0
3,6.64,65.73,2.28,104.4,0.39,0.0,0.0,Winter,No Holiday,Yes,340.0
4,3.66,64.43,3.02,91.7,0.97,0.0,0.0,Winter,No Holiday,Yes,338.0
5,7.15,80.23,3.35,88.0,1.47,0.0,0.0,Winter,No Holiday,Yes,246.0
6,8.4,54.08,0.56,90.8,1.19,0.0,0.0,Winter,No Holiday,Yes,397.0
7,9.99,68.74,1.44,113.8,1.23,0.0,0.0,Winter,No Holiday,Yes,570.0
8,5.82,65.78,2.67,79.7,2.07,0.0,0.0,Winter,No Holiday,Yes,416.0
9,5.07,69.49,2.38,75.6,2.07,0.0,0.0,Winter,No Holiday,Yes,419.0
10,2.66,71.03,3.63,98.7,3.09,0.0,0.0,Winter,No Holiday,Yes,357.0
11,2.55,71.62,1.42,82.1,3.04,0.0,0.0,Winter,No Holiday,Yes,259.0
12,3.12,74.16,1.49,116.3,3.88,0.0,0.0,Winter,No Holiday,Yes,431.0
13,-2.18,70.32,1.5,131.5,3.17,0.0,0.0,Winter,No Holiday,Yes,6.0
14,-2.95,66.91,1.32,111.1,4.29,0.0,2.29,Winter,No Holiday,Yes,137.0
15,-4.81,71.68,2.33,81.5,3.79,0.0,0.0,Winter,No Holiday,Yes,217.0
16,-7.59,73.65,0.89,88.9,3.79,0.0,0.67,Winter,No Holiday,Yes,279.0
17,-5.98,79.32,2.84,60.5,3.56,0.0,0.38,Winter,No Holiday,Yes,224.0
18,-9.14,61.98,4.5,101.6,2.67,0.0,0.0,Winter,No Holiday,Yes,105.0
19,-8.37,89.74,1.87,68.4,2.12,0.0,0.0,Winter,Holiday,Yes,0
20,-7.83,73.38,2.04,92.1,1.94,0.0,0.0,Winter,No Holiday,Yes,275.0
21,-8.61,75.05,1.05,63.1,2.18,0.0,0.62,Winter,No Holiday,Yes,12.0
22,-1.16,63.65,3.34,104.1,1.8,0.0,0.0,Winter,No Holiday,Yes,321.0
23,1.23,86.66,3.25,66.1,0.85,0.0,0.0,Winter,No Holiday,Yes,327.0
0,1.12,64.1,2.16,78.3,0.0,0.0,0.0,Winter,No Holiday,Yes,528.0
1,3.33,64.52,0.22,82.6,0.0,0.0,0.0,Winter,No Holiday,Yes,352.0
2,5.01,61.34,1.58,107.2,0.58,0.0,0.0,Winter,No Holiday,Yes,229.0
3,5.95,69.61,2.61,69.8,0.31,0.0,0.0,Winter,No Holiday,Yes,489.0
4,4.13,76.97,1.33,85.6,0.33,0.0,0.0,Winter,No Holiday,Yes,168.0
5,7.61,69.42,4.17,95.7,1.29,0.0,0.0,Winter,No Holiday,Yes,393.0
6,7.04,62.82,5.11,77.9,1.63,0.0,0.0,Winter,No Holiday,Yes,297.0
7,6.28,67.55,2.41,77.8,1.59,0.0,0.0,Winter,No Holiday,Yes,531.0
8,8.56,54.96,1.41,102.9,2.14,0.0,0.0,Winter,No Holiday,Yes,439.0
9,4.71,57.0,1.1,100.9,2.69,0.0,0.0,Winter,No Holiday,Yes,426.0
10,1.47,71.14,2.25,85.6,2.63,0.0,0.0,Winter,No Holiday,Yes,289.0
11,4.44,76.4,3.93,74.8,3.35,0.0,0.0,Winter,No Holiday,Yes,441.0
12,-0.31,64.96,1.77,98.2,3.27,0.0,0.0,Winter,No Holiday,Yes,51.0
13,-0.17,75.84,1.71,98.0,3.45,0.0,0.0,Winter,No Holiday,Yes,415.0
14,-6.0,82.93,3.6,66.9,4.11,0.0,0.0,Winter,No Holiday,Yes,86.0
15,-6.46,77.21,2.63,66.6,3.74,0.0,0.0,Winter,No Holiday,Yes,116.0
16,-6.11,82.52,3.27,62.7,4.12,0.0,0.0,Winter,No Holiday,Yes,167.0
17,-7.45,76.21,1.89,77.2,2.75,0.0,0.0,Winter,No Holiday,Yes,109.0
18,-5.26,82.5,4.41,84.2,2.51,0.0,0.0,Winter,No Holiday,Yes,0
19,-7.85,77.21,1.85,64.6,2.31,0.0,0.0,Winter,No Holiday,Yes,13.0
20,-10.13,67.26,3.2,99.7,1.9,0.0,0.43,Winter,No Holiday,Yes,229.0
21,-2.91,80.96,2.31,97.2,1.29,0.0,0.0,Winter,No Holiday,Yes,238.0
22,-7.57,57.43,0.98,104.9,2.2,0.0,0.0,Winter,No Holiday,Yes,111.0
23,-8.24,70.81,2.18,95.5,0.71,0.0,0.0,Winter,No Holiday,Yes,151.0
0,-2.43,63.48,2.56,96.4,0.0,0.0,0.0,Winter,No Holiday,Yes,186.0
1,3.88,67.62,1.86,109.0,0.0,0.0,0.0,Winter,No Holiday,Yes,269.0
2,2.66,77.3,2.45,84.2,0.0,0.0,0.0,Winter,No Holiday,Yes,136.0
3,5.76,72.94,1.72,106.1,0.81,0.0,0.0,Winter,No Holiday,Yes,213.0
4,7.99,58.97,1.61,123.6,0.28,0.0,0.0,Winter,No Holiday,Yes,517.0
5,5.77,75.62,2.89,106.4,1.24,0.0,0.0,Winter,No Holiday,Yes,89.0
6,12.63,66.89,1.15,72.5,1.13,0.0,0.0,Winter,No Holiday,Yes,448.0
7,6.28,59.55,3.51,103.5,1.53,0.0,0.0,Winter,No Holiday,Yes,405.0
8,5.75,70.25,2.88,64.4,2.38,0.0,0.51,Winter,No Holiday,Yes,286.0
9,7.83,59.31,0.79,96.9,2.83,0.0,0.0,Winter,No Holiday,Yes,641.0
10,5.66,76.12,0.97,89.9,2.77,0.0,0.0,Winter,No Holiday,Yes,363.0
11,3.73,72.43,3.66,92.8,3.01,0.0,0.0,Winter,No Holiday,Yes,258.0
12,-0.56,75.06,2.35,97.9,3.36,0.0,0.0,Winter,No Holiday,No,0
13,-3.53,65.41,2.75,108.0,3.78,0.0,0.0,Winter,No Holiday,Yes,297.0
14,-1.01,75.38,1.93,98.4,4.43,0.0,0.0,Winter,No Holiday,Yes,364.0
15,-6.07,75.88,1.4,72.7,4.09,0.0,0.0,Winter,No Holiday,Yes,11.0
16,-6.75,62.45,0,89.1,3.51,0.0,0.0,Winter,No Holiday,Yes,71.0
17,-8.92,77.1,1.87,61.3,2.94,0.0,0.0,Winter,No Holiday,Yes,145.0
18,-5.3,69.02,2.04,69.9,2.95,0.0,0.0,Winter,No Holiday,Yes,0
19,-8.09,82.0,3.32,100.5,2.33,0.0,0.0,Winter,No Holiday,Yes,106.0
20,-7.39,84.73,2.82,57.4,1.85,0.0,0.0,Winter,No Holiday,Yes,230.0
21,-6.31,78.66,3.02,62.9,1.82,0.0,0.0,Winter,No Holiday,Yes,81.0
22,-3.92,69.6,3.69,82.1,1.0,0.0,0.0,Winter,No Holiday,Yes,302.0
23,0.42,87.62,2.93,75.4,1.25,0.0,0.0,Winter,No Holiday,Yes,140.0
0,3.11,76.08,4.14,62.8,0.0,0.0,0.0,Winter,No Holiday,Yes,232.0
1,-0.21,76.83,3.01,104.6,0.0,0.0,0.0,Winter,No Holiday,Yes,316.0
2,-1.72,80.11,2.26,85.3,0.88,0.0,0.0,Winter,No Holiday,Yes,159.0
3,3.23,75.45,3.97,92.2,0.47,0.0,0.0,Winter,No Holiday,Yes,160.0
4,5.47,59.07,2.09,114.3,0.42,0.0,0.0,Winter,No Holiday,Yes,466.0
5,3.36,80.04,2.81,72.6,1.5,0.0,0.0,Winter,No Holiday,No,0
6,6.59,56.96,0,120.7,1.77,0.0,0.0,Winter,No Holiday,Yes,496.0
7,5.09,61.8,3.01,114.4,1.44,0.0,0.0,Winter,No Holiday,Yes,330.0
8,2.64,61.13,2.6,116.5,1.78,0.0,0.0,Winter,No Holiday,Yes,414.0
9,4.68,63.43,0.98,99.2,2.76,0.0,0.0,Winter,No Holiday,Yes,527.0
10,2.71,69.08,2.83,86.8,2.31,0.0,0.0,Winter,No Holiday,Yes,361.0
11,2.33,61.99,3.37,102.5,3.21,0.0,0.0,Winter,No Holiday,Yes,216.0
12,-4.47,82.37,2.75,65.8,4.16,0.0,0.0,Winter,No Holiday,Yes,219.0
13,0.29,73.24,2.66,91.0,4.39,0.0,0.0,Winter,No Holiday,Yes,277.0
14,-7.4,73.89,2.41,94.0,4.09,0.0,0.09,Winter,No Holiday,Yes,372.0
15,-3.68,79.29,2.78,69.8,3.74,0.0,0.0,Winter,No Holiday,Yes,77.0
16,-5.1,75.32,3.03,81.2,2.55,0.0,0.0,Winter,No Holiday,Yes,210.0
17,-7.65,70.4,2.41,75.9,2.83,0.0,0.0,Winter,No Holiday,Yes,15.0
18,-8.05,87.39,2.52,54.1,2.46,0.0,0.0,Winter,No Holiday,Yes,249.0
19,-2.2,72.68,1.07,94.5,2.89,0.0,1.92,Winter,No Holiday,Yes,189.0
20,-10.13,83.52,3.07,66.0,2.09,0.0,0.0,Winter,No Holiday,Yes,161.0
21,-4.97,59.96,1.94,94.8,1.51,0.0,0.0,Winter,No Holiday,Yes,445.0
22,-3.35,70.93,2.88,93.1,1.2,0.0,0.0,Winter,No Holiday,Yes,324.0
23,2.15,79.03,1.45,57.2,1.46,0.0,0.0,Winter,No Holiday,Yes,337.0
0,2.0,77.32,3.54,71.3,0.0,0.0,0.0,Winter,No Holiday,Yes,156.0
1,4.44,62.88,3.21,91.5,0.0,0.0,0.0,Winter,No Holiday,Yes,423.0
2,6.6,72.26,1.83,96.8,0.7,0.0,0.0,Winter,No Holiday,Yes,442.0
3,7.42,60.78,3.01,114.9,0.67,0.0,0.0,Winter,No Holiday,Yes,551.0
4,5.86,62.84,3.67,105.8,0.7,0.0,0.0,Winter,No Holiday,Yes,491.0
5,9.46,59.49,2.34,123.7,1.37,0.0,0.0,Winter,No Holiday,Yes,362.0
6,3.45,73.96,2.84,60.2,1.38,0.0,0.0,Winter,No Holiday,Yes,293.0
7,2.5,60.83,1.54,116.8,1.41,0.0,0.0,Winter,No Holiday,Yes,423.0
8,6.86,65.09,0.85,101.3,1.99,0.0,0.37,Winter,No Holiday,Yes,335.0
9,7.2,58.84,2.23,106.0,2.12,0.0,0.0,Winter,No Holiday,Yes,294.0
10,1.57,63.95,3.65,103.3,2.67,0.0,0.0,Winter,No Holiday,Yes,458.0
11,2.47,69.14,2.57,86.5,3.55,0.0,0.0,Winter,No Holiday,Yes,477.0
12,0.8,66.29,0.5,77.4,3.66,0.0,0.0,Winter,No Holiday,Yes,328.0
13,1.17,72.83,2.92,93.9,4.09,0.0,0.0,Winter,No Holiday,Yes,341.0
14,-6.6,65.97,3.42,104.9,4.26,0.0,0.0,Winter,No Holiday,Yes,101.0
15,-1.96,69.83,1.27,126.7,3.71,0.0,0.0,Winter,No Holiday,Yes,241.0
16,-7.57,70.55,2.9,95.1,3.1,0.0,0.0,Winter,No Holiday,Yes,259.0
17,-5.87,74.45,3.29,68.6,3.16,0.0,0.0,Winter,Holiday,Yes,0
18,-4.54,78.9,3.29,71.0,2.98,0.0,0.0,Winter,No Holiday,Yes,23.0
19,-8.8,74.09,3.77,78.1,2.63,0.0,0.0,Winter,No Holiday,Yes,171.0
20,-5.69,66.17,3.23,94.1,2.37,0.0,0.0,Winter,No Holiday,Yes,347.0
21,-6.31,72.4,2.69,65.8,1.72,0.0,0.0,Winter,No Holiday,Yes,302.0
22,-4.73,73.64,2.36,82.5,1.25,0.0,0.0,Winter,No Holiday,Yes,183.0
23,-1.78,68.69,2.36,57.2,1.29,0.0,0.0,Winter,No Holiday,Yes,530.0
0,-0.48,59.74,2.19,109.1,0.0,0.0,0.0,Winter,No Holiday,Yes,116.0
1,1.5,52.99,2.0,114.5,0.0,0.0,0.0,Winter,No Holiday,Yes,304.0
2,1.6,71.25,3.54,106.8,0.0,0.0,0.0,Winter,No Holiday,Yes,0
3,5.96,68.01,3.16,78.6,0.48,0.0,0.0,Winter,No Holiday,Yes,436.0
4,4.28,59.04,3.78,135.8,0.78,0.0,0.0,Winter,No Holiday,Yes,300.0
5,3.57,59.57,2.21,124.3,1.03,0.0,0.0,Winter,No Holiday,Yes,243.0
6,6.05,63.89,2.41,95.4,1.49,0.0,0.0,Winter,No Holiday,Yes,373.0
7,4.52,65.51,3.05,67.9,1.54,0.0,0.0,Winter,Holiday,Yes,126.0
8,7.08,64.43,2.09,116.3,2.39,0.0,0.0,Winter,No Holiday,Yes,486.0
9,4.94,65.26,0.85,102.0,2.67,0.0,0.0,Winter,No Holiday,Yes,288.0
10,0.85,57.69,4.41,116.0,2.76,0.0,0.0,Winter,No Holiday,Yes,351.0
11,-1.62,67.22,2.6,86.8,3.51,0.0,2.24,Winter,No Holiday,Yes,54.0
12,1.46,74.02,1.8,76.2,3.67,0.0,0.95,Winter,No Holiday,Yes,412.0
13,-1.74,74.96,0.16,89.8,3.19,0.0,0.0,Winter,No Holiday,Yes,98.0
14,-4.45,77.71,2.16,71.3,4.45,0.0,0.0,Winter,No Holiday,Yes,233.0
15,-5.7,61.75,1.69,95.7,3.46,0.0,0.0,Winter,No Holiday,Yes,72.0
16,-2.2,78.08,2.11,83.5,3.7,0.0,0.0,Winter,No Holiday,Yes,191.0
17,-7.53,65.66,3.36,81.5,2.98,0.0,0.0,Winter,No Holiday,Yes,117.0
18,-8.24,82.06,1.99,68.1,3.36,0.0,0.0,Winter,No Holiday,Yes,227.0
19,-8.32,78.85,1.96,70.6,2.06,0.0,0.0,Winter,No Holiday,Yes,46.0
20,-3.68,82.62,2.87,87.6,1.31,0.0,0.0,Winter,No Holiday,Yes,270.0
21,-6.11,74.99,3.9,74.2,1.57,0.0,0.0,Winter,No Holiday,Yes,536.0
22,-2.66,76.44,3.34,86.9,1.56,0.0,0.0,Winter,No Holiday,Yes,360.0
23,-2.56,78.24,1.63,95.1,1.18,0.0,0.0,Winter,No Holiday,Yes,385.0
0,1.35,76.2,2.46,85.1,0.0,0.0,0.0,Winter,No Holiday,Yes,0
1,0.62,88.24,3.8,69.4,0.0,0.0,0.0,Winter,No Holiday,Yes,279.0
2,3.01,51.14,3.31,123.4,0.0,0.0,0.0,Winter,No Holiday,Yes,436.0
3,7.64,69.3,1.89,85.4,0.57,0.0,0.59,Winter,No Holiday,Yes,313.0
4,8.11,70.14,2.8,102.2,0.13,0.0,0.0,Winter,No Holiday,Yes,207.0
5,7.93,59.14,1.93,109.7,0.56,0.0,0.0,Winter,No Holiday,Yes,687.0
6,1.12,77.93,2.77,70.4,1.67,0.0,0.0,Winter,No Holiday,Yes,0
7,6.04,64.61,2.8,111.8,2.34,0.0,2.48,Winter,No Holiday,Yes,48.0
8,2.33,78.16,1.41,91.6,1.98,0.0,0.0,Winter,No Holiday,Yes,81.0
9,4.4,66.58,3.37,68.2,2.32,0.0,0.0,Winter,Holiday,No,0
10,3.1,88.07,3.07,57.3,2.44,0.0,0.0,Winter,No Holiday,Yes,69.0
11,1.84,72.92,1.95,134.6,3.6,0.0,0.0,Winter,No Holiday,Yes,387.0
12,-1.58,64.39,2.33,88.5,3.11,0.0,0.0,Winter,No Holiday,Yes,259.0
13,-3.55,87.0,2.89,79.7,3.81,0.0,0.0,Winter,No Holiday,Yes,296.0
14,-8.11,71.39,0.8,86.4,4.25,0.0,0.0,Winter,No Holiday,Yes,184.0
15,-3.54,61.35,2.02,120.3,3.8,0.0,0.0,Winter,No Holiday,No,0
16,-7.98,73.91,1.59,87.4,3.62,0.0,0.0,Winter,No Holiday,Yes,117.0
17,-4.56,66.09,3.1,77.9,2.78,0.0,0.0,Winter,No Holiday,Yes,216.0
18,-3.72,79.06,3.51,73.0,2.69,0.0,0.0,Winter,No Holiday,Yes,338.0
19,-6.61,66.67,2.44,89.8,2.53,0.0,0.0,Winter,No Holiday,Yes,142.0
20,-5.32,76.18,3.85,94.7,2.13,0.0,0.0,Winter,No Holiday,Yes,178.0
21,-2.18,80.21,2.15,79.3,1.92,0.0,0.85,Winter,No Holiday,Yes,321.0
22,-2.31,68.78,3.02,85.6,1.32,0.0,0.0,Winter,No Holiday,Yes,366.0
23,-2.49,75.36,0.89,84.5,1.07,0.0,0.0,Winter,No Holiday,No,0
0,0.27,74.94,2.07,116.7,0.0,0.0,0.0,Winter,No Holiday,Yes,106.0
1,1.31,61.84,1.59,89.6,0.0,0.0,0.0,Winter,No Holiday,Yes,229.0
2,3.64,71.69,3.01,87.6,0.12,0.0,0.0,Winter,No Holiday,Yes,315.0
3,6.68,67.8,3.11,100.3,0.14,0.0,0.0,Winter,No Holiday,Yes,293.0
4,5.07,82.18,2.64,83.1,0.88,0.0,0.0,Winter,No Holiday,Yes,172.0
5,5.82,66.71,1.14,101.6,1.19,0.0,0.0,Winter,No Holiday,Yes,390.0
6,11.92,52.86,5.0,123.3,1.19,0.0,0.0,Winter,No Holiday,Yes,665.0
7,6.51,59.71,2.2,81.0,1.67,0.0,0.0,Winter,No Holiday,Yes,617.0
8,4.44,62.42,1.7,98.8,2.12,0.0,0.0,Winter,No Holiday,Yes,309.0
9,5.56,69.41,2.86,92.4,2.1,0.0,0.0,Winter,No Holiday,Yes,86.0
10,2.85,65.79,3.98,105.8,2.86,0.0,0.0,Winter,No Holiday,Yes,128.0
11,1.68,76.31,3.3,69.1,3.22,0.0,0.0,Winter,No Holiday,Yes,284.0
12,-0.77,77.6,2.25,83.4,2.94,0.0,0.0,Winter,No Holiday,Yes,165.0
13,0.29,79.31,2.02,81.3,3.65,0.0,0.0,Winter,No Holiday,Yes,115.0
14,-2.05,63.69,1.59,107.4,4.61,0.0,0.0,Winter,No Holiday,Yes,250.0
15,-4.35,73.04,2.98,75.1,3.85,0.0,0.0,Winter,No Holiday,Yes,186.0
16,-7.12,80.49,1.63,97.3,3.51,0.0,0.0,Winter,No Holiday,Yes,318.0
17,-7.38,81.26,3.38,80.4,2.57,0.0,0.0,Winter,No Holiday,Yes,203.0
18,-7.89,64.69,3.47,94.0,2.5,0.0,0.0,Winter,No Holiday,Yes,292.0
19,-7.98,82.9,2.59,63.5,2.24,0.0,0.0,Winter,No Holiday,Yes,68.0
20,-5.18,58.2,1.7,99.0,3.06,0.0,0.0,Winter,No Holiday,Yes,400.0
21,-1.72,79.46,3.25,88.2,2.24,0.0,0.0,Winter,No Holiday,Yes,384.0
22,-4.48,67.17,2.86,77.8,1.21,0.0,0.0,Winter,No Holiday,Yes,265.0
23,-1.71,65.99,4.05,96.7,1.31,0.0,0.0,Winter,No Holiday,Yes,232.0
0,-4.61,76.6,1.15,79.2,0.0,0.0,0.0,Winter,No Holiday,Yes,0
1,1.07,72.77,3.39,105.7,0.0,0.0,0.0,Winter,No Holiday,Yes,333.0
2,4.09,75.45,3.14,65.2,0.0,0.0,0.0,Winter,No Holiday,Yes,434.0
3,5.05,81.95,1.25,82.3,0.0,0.0,0.13,Winter,No Holiday,Yes,343.0
4,7.03,54.71,3.38,131.5,1.04,0.0,1.51,Winter,No Holiday,Yes,332.0
5,9.65,51.47,1.71,116.4,0.98,0.0,0.0,Winter,No Holiday,Yes,435.0
6,9.48,72.74,3.61,79.8,1.75,0.0,0.0,Winter,No Holiday,Yes,161.0
7,6.84,69.97,2.81,77.5,1.49,0.0,0.0,Winter,No Holiday,Yes,323.0
8,6.83,69.81,3.56,87.2,2.09,0.0,0.0,Winter,No Holiday,Yes,551.0
9,4.1,75.22,1.45,49.6,2.96,0.0,0.0,Winter,No Holiday,Yes,134.0
10,8.67,67.55,0.99,74.7,2.43,0.0,0.0,Winter,No Holiday,Yes,208.0
11,0.18,67.65,3.42,88.7,3.21,0.0,0.0,Winter,No Holiday,Yes,232.0
12,1.69,64.7,3.26,93.7,3.97,0.0,0.0,Winter,No Holiday,Yes,456.0
13,0.63,63.92,3.74,78.5,3.78,0.0,0.0,Winter,No Holiday,Yes,342.0
14,-5.53,74.81,3.36,65.1,4.6,0.0,0.0,Winter,No Holiday,Yes,22.0
15,-6.57,82.65,3.13,54.7,3.78,0.0,0.79,Winter,No Holiday,Yes,125.0
16,-4.73,78.95,1.9,71.7,3.65,0.0,0.0,Winter,No Holiday,Yes,231.0
17,-6.44,58.42,1.8,77.1,3.01,0.0,0.0,Winter,No Holiday,Yes,356.0
18,-5.34,60.5,2.83,114.2,3.05,0.0,0.0,Winter,No Holiday,Yes,479.0
19,-2.47,65.68,1.65,77.5,3.13,0.0,0.0,Winter,No Holiday,Yes,126.0
20,-7.78,79.6,2.47,86.9,1.61,0.0,0.0,Winter,No Holiday,Yes,380.0
21,-3.02,67.57,2.27,85.7,1.71,0.0,0.0,Winter,No Holiday,Yes,229.0
22,-4.56,72.89,3.34,71.2,1.64,0.0,0.0,Winter,No Holiday,Yes,263.0
23,-0.8,75.74,2.4,105.0,1.29,0.0,0.0,Winter,No Holiday,No,0
0,1.18,74.54,1.97,64.1,0.0,0.0,0.0,Winter,No Holiday,Yes,17.0
1,3.49,70.5,2.71,122.1,0.36,0.0,0.0,Winter,No Holiday,Yes,260.0
2,4.97,68.75,1.88,82.6,0.0,0.0,0.0,Winter,No Holiday,Yes,380.0
3,4.8,76.57,4.36,70.4,0.53,0.0,0.0,Winter,No Holiday,Yes,368.0
4,7.07,66.91,3.81,72.6,0.69,0.0,0.0,Winter,No Holiday,Yes,99.0
5,6.88,59.63,1.69,129.6,0.66,0.0,0.0,Winter,No Holiday,Yes,754.0
6,5.03,55.02,3.04,107.8,1.41,0.0,0.0,Winter,No Holiday,Yes,416.0
7,11.34,62.65,3.41,100.9,1.66,0.0,0.0,Winter,No Holiday,Yes,361.0
8,6.69,68.47,2.93,84.6,2.28,0.0,0.0,Winter,No Holiday,Yes,517.0
9,0.33,59.1,1.22,97.7,2.35,0.0,0.0,Winter,No Holiday,Yes,325.0
10,6.48,68.07,2.08,78.3,2.18,0.0,0.0,Winter,No Holiday,Yes,247.0
11,3.24,57.79,0.11,112.9,3.12,0.0,0.0,Winter,No Holiday,Yes,372.0
12,-1.47,82.45,2.25,40.1,3.31,0.0,0.79,Winter,No Holiday,Yes,161.0
13,2.64,76.89,1.76,93.4,4.19,0.0,0.0,Winter,No Holiday,Yes,606.0
14,-1.69,82.9,2.14,101.6,4.11,0.0,0.0,Winter,No Holiday,Yes,179.0
15,-6.07,84.94,3.5,91.4,4.03,0.0,0.0,Winter,No Holiday,Yes,19.0
16,-8.0,71.56,2.57,61.1,3.26,0.0,0.0,Winter,No Holiday,Yes,69.0
17,-8.15,76.18,2.27,75.8,2.73,0.0,0.0,Winter,No Holiday,Yes,149.0
18,-5.1,68.04,2.81,98.3,3.27,0.0,0.0,Winter,No Holiday,Yes,106.0
19,-6.22,74.86,3.32,95.0,2.82,0.0,0.0,Winter,No Holiday,Yes,302.0
20,-4.0,77.05,3.61,97.4,2.18,0.0,0.0,Winter,No Holiday,Yes,318.0
21,-5.73,83.61,1.07,82.6,1.58,0.0,0.0,Winter,No Holiday,Yes,136.0
22,-2.18,83.49,0.89,58.0,1.69,0.0,0.1,Winter,No Holiday,Yes,371.0
23,-3.25,56.89,3.83,98.8,0.63,0.0,0.0,Winter,No Holiday,Yes,362.0
0,-0.73,62.98,2.33,104.4,0.0,0.0,2.71,Winter,No Holiday,Yes,120.0
1,0.09,60.63,1.21,107.6,0.0,0.0,0.0,Winter,No Holiday,Yes,152.0
2,4.69,67.84,3.4,111.3,0.33,0.0,0.0,Winter,No Holiday,Yes,276.0
3,1.52,62.69,2.62,97.9,0.03,0.0,0.0,Winter,No Holiday,Yes,128.0
4,3.97,61.86,2.21,114.9,0.3,0.0,0.0,Winter,No Holiday,Yes,340.0
5,3.6,68.8,1.47,88.4,1.01,0.0,0.0,Winter,No Holiday,Yes,346.0
6,2.27,69.26,1.62,109.8,1.65,0.0,0.0,Winter,No Holiday,Yes,299.0
7,7.59,82.65,1.78,94.6,1.99,0.0,0.0,Winter,No Holiday,Yes,213.0
8,9.73,60.38,1.74,78.0,2.25,0.0,0.0,Winter,No Holiday,Yes,271.0
9,4.94,55.17,2.96,112.1,2.34,0.0,0.0,Winter,No Holiday,Yes,371.0
10,3.66,70.21,4.55,93.3,2.69,0.0,0.0,Winter,No Holiday,Yes,398.0
11,3.77,71.05,2.13,83.8,3.19,0.0,0.0,Winter,No Holiday,Yes,442.0
12,1.13,64.93,3.39,113.7,3.06,0.0,0.0,Winter,No Holiday,Yes,307.0
13,-5.51,77.39,2.86,87.2,3.45,0.0,0.0,Winter,No Holiday,Yes,27.0
14,-1.28,77.7,4.01,58.4,4.34,0.0,0.0,Winter,No Holiday,Yes,337.0
15,-2.61,78.31,2.22,88.7,4.04,0.0,0.0,Winter,No Holiday,Yes,128.0
16,-5.4,66.43,2.08,93.4,3.15,0.0,0.0,Winter,No Holiday,Yes,365.0
17,-6.72,65.66,2.75,121.1,2.89,0.0,0.0,Winter,No Holiday,Yes,268.0
18,-7.32,75.89,2.59,85.8,3.05,0.0,0.0,Winter,No Holiday,Yes,0
19,-6.4,76.28,2.58,61.7,2.04,0.0,0.77,Winter,No Holiday,Yes,0
20,-7.72,73.8,1.27,99.3,1.86,0.0,0.0,Winter,No Holiday,No,0
21,-5.41,82.87,3.86,66.0,1.56,0.0,0.0,Winter,No Holiday,Yes,238.0
22,-4.86,57.09,2.7,87.9,1.48,0.0,0.31,Winter,No Holiday,Yes,394.0
23,2.55,86.14,2.41,80.3,0.7,0.0,0.0,Winter,No Holiday,Yes,330.0
0,0.77,59.27,2.59,126.6,0.0,0.0,0.0,Winter,No Holiday,Yes,0
1,0.51,64.34,3.89,102.1,0.0,0.0,0.0,Winter,No Holiday,Yes,296.0
2,5.55,44.08,0.56,103.2,0.0,0.0,0.0,Winter,No Holiday,Yes,288.0
3,5.64,54.25,1.76,84.8,0.13,0.0,0.0,Winter,No Holiday,Yes,363.0
4,5.48,69.49,2.05,63.2,0.79,0.0,0.0,Winter,No Holiday,Yes,354.0
5,5.1,74.1,1.47,76.3,0.86,0.0,0.0,Winter,No Holiday,Yes,377.0
6,9.11,60.64,4.34,94.7,1.5,0.0,0.0,Winter,No Holiday,Yes,497.0
7,7.42,62.51,2.76,114.0,1.73,0.0,0.0,Winter,No Holiday,Yes,129.0
8,5.21,69.08,2.24,89.0,2.27,0.0,0.0,Winter,No Holiday,Yes,456.0
9,5.23,62.58,2.23,94.9,2.95,0.0,0.0,Winter,No Holiday,Yes,234.0
10,4.83,72.25,3.21,76.4,2.45,0.0,0.0,Winter,No Holiday,Yes,291.0
11,1.3,58.5,2.59,83.8,2.83,0.0,0.0,Winter,No Holiday,Yes,370.0
12,0.91,58.2,1.89,107.7,3.2,0.0,0.0,Winter,No Holiday,Yes,431.0
13,-4.25,59.82,2.15,81.3,3.98,0.0,0.0,Winter,No Holiday,Yes,59.0
14,-2.52,81.9,2.21,75.8,4.02,0.0,0.0,Winter,No Holiday,Yes,183.0
15,-3.79,70.31,4.25,92.8,3.86,0.0,0.0,Winter,No Holiday,Yes,421.0
16,-7.65,69.54,4.41,98.8,3.82,0.0,0.0,Winter,No Holiday,Yes,185.0
17,-6.81,78.03,2.99,87.3,3.29,0.0,0.0,Winter,No Holiday,Yes,238.0
18,-5.66,83.05,2.39,80.1,3.08,0.0,0.0,Winter,No Holiday,Yes,225.0
19,-9.42,86.23,2.99,80.7,2.46,0.0,0.0,Winter,No Holiday,Yes,0
20,-5.53,75.19,1.5,88.2,1.79,0.0,0.0,Winter,No Holiday,Yes,236.0
21,-2.03,68.49,2.53,110.6,1.81,0.0,0.0,Winter,No Holiday,Yes,222.0
22,-1.99,91.28,0.47,99.9,1.47,0.0,0.0,Winter,No Holiday,Yes,116.0
23,0.42,69.8,2.9,79.3,1.06,0.0,0.0,Winter,No Holiday,Yes,382.0
